tamil_word,unique_ids,file,query,status,source,license,author,source_page
முயல்,"U-001, U-120",rabbit.webp,rabbit,uploaded,Pixabay,Pixabay License,SimonaR,https://pixabay.com/photos/rabbit-bunny-pet-young-rabbit-373691/
பழம்,"U-003, U-094",fruit.webp,fruits,uploaded,Pixabay,Pixabay License,Couleur,https://pixabay.com/photos/bowl-of-fruit-shell-fruit-healthy-1600003/
படம்,"U-004, U-085",picture.webp,painting picture frame,uploaded,Pixabay,Pixabay License,anaterate,https://pixabay.com/photos/painting-frame-landscape-painted-2901057/
நாய்,"U-005, U-077",dog.webp,dog,uploaded,Pixabay,Pixabay License,3194556,https://pixabay.com/photos/puppy-dog-pet-collar-dog-collar-1903313/
மான்,"U-006, U-116",deer.webp,deer,uploaded,Pixabay,Pixabay License,congerdesign,https://pixabay.com/photos/deer-fawn-young-deer-wild-bambi-1586373/
கல்,"U-007, U-038",stone.webp,stone rock,uploaded,Pixabay,Pixabay License,Cao135,https://pixabay.com/photos/stones-waterfalls-balance-5677828/
மலர்,"U-008, U-114",flower.webp,flower,uploaded,Pixabay,Pixabay License,Josch13,https://pixabay.com/photos/rose-flower-petals-red-rose-320868/
கடல்,"U-009, U-033",sea.webp,sea waves,uploaded,Pixabay,Pixabay License,Kanenori,https://pixabay.com/photos/sea-wave-splash-big-wave-ocean-5499649/
பள்ளி,"U-010, U-093",school.webp,school building,uploaded,Pixabay,Pixabay License,hello_world_2022,https://pixabay.com/photos/building-school-architecture-facade-8991569/
மணி,"U-011, U-109",bell.webp,bell,uploaded,Pixabay,Pixabay License,Hans,https://pixabay.com/photos/bell-peppers-sweet-peppers-capsicums-499068/
புலி,"U-012, U-099",tiger.webp,tiger,uploaded,Pixabay,Pixabay License,SarahRichterArt,https://pixabay.com/photos/nature-wildlife-white-bengal-tiger-3106213/
எலி,U-013,mouse.webp,mouse animal,uploaded,Pixabay,Pixabay License,Michael_Luenen,https://pixabay.com/photos/animal-mouse-mammal-rodent-nature-4691724/
வண்ணங்கள்,"U-014, U-126",colours.webp,colorful paint colors,uploaded,Pixabay,Pixabay License,webandi,https://pixabay.com/photos/to-dye-watercolor-colour-5821297/
கிழங்கு,"U-015, U-045",tuber.webp,sweet potato,uploaded,Pixabay,Pixabay License,Einladung_zum_Essen,https://pixabay.com/photos/sweet-potato-crisps-potato-1804451/
ஊஞ்சல்,U-016,swing.webp,playground swing,uploaded,Pixabay,Pixabay License,kinkate,https://pixabay.com/photos/girl-swing-rock-skyline-skyscraper-2067378/
பம்பரம்,"U-017, U-091",spinning-top.webp,spinning top toy,uploaded,Pixabay,Pixabay License,Roy_Inove,https://pixabay.com/photos/toy-top-childhood-spinning-top-6890835/
வண்டி,"U-018, U-125",cart.webp,bullock cart,uploaded,Pixabay,Pixabay License,amolsonar,https://pixabay.com/photos/the-village-bull-vehicle-4896620/
நண்பர்,"U-019, U-074",friend.webp,friends children,uploaded,Pixabay,Pixabay License,sasint,https://pixabay.com/photos/children-splash-asia-sunset-1822688/
கதைகள்,"U-020, U-037",stories.webp,story books,uploaded,Pixabay,Pixabay License,DGlodowska,https://pixabay.com/photos/book-rose-book-mark-open-book-419589/
தண்ணீர்,"U-021, U-063",water.webp,glass of water,uploaded,Pixabay,Pixabay License,NickyPe,https://pixabay.com/photos/raindrop-glass-rain-window-wet-6544618/
தக்காளி,"U-022, U-061",tomato.webp,tomato,uploaded,Pixabay,Pixabay License,esigie,https://pixabay.com/photos/tomatoes-eggs-toast-dish-plate-447170/
எலுமிச்சை,U-023,lemon.webp,lemon,uploaded,Pixabay,Pixabay License,silviarita,https://pixabay.com/photos/ginger-hot-lemon-tea-lemon-snow-1918107/
பட்டம்,"U-024, U-089",kite.webp,kite flying,uploaded,Pixabay,Pixabay License,trungkhang,https://pixabay.com/photos/children-boys-play-kite-7782100/
வானொலி,"U-025, U-135",radio.webp,radio,uploaded,Pixabay,Pixabay License,Ansfoto,https://pixabay.com/photos/tape-cassette-music-retro-classic-6824489/
குரங்கு,"U-026, U-049",monkey.webp,monkey,uploaded,Pixabay,Pixabay License,suju-foto,https://pixabay.com/photos/monkey-animal-mammal-primate-3703230/
ஒட்டகச்சிவிங்கி,U-027,giraffe.webp,giraffe,uploaded,Pixabay,Pixabay License,Alexas_Fotos,https://pixabay.com/photos/giraffe-zoo-animal-animal-portrait-3344366/
தொலைபேசி,"U-028, U-072",telephone.webp,telephone,uploaded,Pixabay,Pixabay License,Alexas_Fotos,https://pixabay.com/photos/telephone-vintage-monochrome-phone-3594206/
மருத்துவமனை,"U-029, U-113",hospital.webp,hospital,uploaded,Pixabay,Pixabay License,sasint,https://pixabay.com/photos/operation-operating-room-surgery-1807543/
அவசர ஊர்தி,U-030,ambulance.webp,ambulance,uploaded,Pixabay,Pixabay License,AKuptsova,https://pixabay.com/photos/ambulance-the-medicine-hospital-1005433/
கடை,U-034,shop.webp,shop store,uploaded,Pixabay,Pixabay License,Pexels,https://pixabay.com/photos/apparel-boutique-bags-shoes-shop-1850804/
கண்,U-035,eye.webp,eye,uploaded,Pixabay,Pixabay License,jonaszara,https://pixabay.com/photos/eye-vision-sight-macrography-9266169/
கதை,U-036,story.webp,story book,uploaded,Pixabay,Pixabay License,DGlodowska,https://pixabay.com/photos/book-rose-book-mark-open-book-419589/
கல்வி,U-039,education.webp,education school children,uploaded,Pixabay,Pixabay License,klimkin,https://pixabay.com/photos/merry-christmas-kids-girls-writing-1093758/
கழுதை,U-040,donkey.webp,donkey,uploaded,Pixabay,Pixabay License,8moments,https://pixabay.com/photos/mountain-nature-mules-transport-3185047/
கவிஞர்,U-042,poet.webp,poet writing,uploaded,Pixabay,Pixabay License,Monfocus,https://pixabay.com/photos/notebook-pencils-notes-write-1803664/
காசு,U-043,coin.webp,coins money,uploaded,Pixabay,Pixabay License,geralt,https://pixabay.com/photos/hand-keep-finger-euro-coin-money-517114/
காலை,U-044,morning.webp,morning sunrise,uploaded,Pixabay,Pixabay License,jplenio,https://pixabay.com/photos/dawn-road-fog-landscape-trees-3208158/
குப்பை,U-048,garbage.webp,garbage bin,uploaded,Pixabay,Pixabay License,sdg_Rai,https://pixabay.com/photos/road-garbage-bin-vietnam-hanoi-8003640/
கூட்டம்,U-050,crowd.webp,crowd,uploaded,Pixabay,Pixabay License,sofi5t,https://pixabay.com/photos/japan-travel-nature-asia-plant-4141578/
சக்கரம்,U-051,wheel.webp,wheel,uploaded,Pixabay,Pixabay License,MrHà,https://pixabay.com/photos/pottery-handcraft-ceramic-vessel-10258355/
சாணம்,U-052,cow-dung.webp,cow dung cakes,uploaded,Pixabay,Pixabay License,Hans,https://pixabay.com/photos/cow-dung-flat-bread-manure-damn-2799656/
சுற்றுச்சூழல்,U-054,environment.webp,environment trees,uploaded,Pixabay,Pixabay License,Larisa-K,https://pixabay.com/photos/grass-trees-forest-meadow-field-315184/
செடி,U-055,plant.webp,plant sapling,uploaded,Pixabay,Pixabay License,jggrz,https://pixabay.com/photos/tree-moss-seedling-plant-grows-5803607/
செய்தி,U-058,news.webp,news,uploaded,Pixabay,Pixabay License,sweetlouise,https://pixabay.com/photos/newspapers-weekly-reading-4565916/
செல்வம்,U-059,wealth.webp,gold coins treasure,uploaded,Pixabay,Pixabay License,MasterTux,https://pixabay.com/photos/adventure-treasure-map-old-world-map-2528477/
தண்டோரா,U-062,drum-announcer.webp,drum,uploaded,Pixabay,Pixabay License,Pexels,https://pixabay.com/photos/drum-set-drums-musical-instruments-1839383/
தாத்தா,U-066,grandfather.webp,grandfather old man,uploaded,Pixabay,Pixabay License,Pexels,https://pixabay.com/photos/man-retro-fashion-bowtie-hat-1835599/
திமிங்கலம்,U-068,whale.webp,whale,uploaded,Pixabay,Pixabay License,makabera,https://pixabay.com/photos/whale-humpback-whale-tail-fin-ocean-8274339/
தெரு,U-071,street.webp,village street,uploaded,Pixabay,Pixabay License,Bittermuir,https://pixabay.com/photos/village-houses-street-old-houses-3735180/
நாளிதழ்,U-078,newspaper.webp,newspaper,uploaded,Pixabay,Pixabay License,652234,https://pixabay.com/photos/news-daily-newspaper-press-1172463/
நிலா,U-079,moon.webp,moon,uploaded,Pixabay,Pixabay License,Pexels,https://pixabay.com/photos/full-moon-night-sky-luna-moon-1869760/
நூலகம்,U-080,library.webp,library books,uploaded,Pixabay,Pixabay License,jarmoluk,https://pixabay.com/photos/old-books-book-old-library-436498/
நெகிழி,U-082,plastic.webp,plastic bottle,uploaded,Pixabay,Pixabay License,pasja1000,https://pixabay.com/photos/the-bottle-plastic-segregation-5128607/
நெல்மணி,U-083,paddy.webp,paddy rice grains,uploaded,Pixabay,Pixabay License,eliasfalla,https://pixabay.com/photos/man-farmer-rice-fields-rice-crops-452904/
படை,U-087,army.webp,army soldiers,uploaded,Pixabay,Pixabay License,ThePixelman,https://pixabay.com/photos/war-soldiers-parachutes-469503/
பயணம்,U-092,journey.webp,travel journey,uploaded,Pixabay,Pixabay License,DariuszSankowski,https://pixabay.com/photos/camera-photographs-souvenir-1130731/
பாட்டு,U-095,song.webp,singing,uploaded,Pixabay,Pixabay License,Beto_MdP,https://pixabay.com/photos/hummingbird-nature-bird-animal-10407977/
பாராட்டு,U-096,praise.webp,applause,uploaded,Pixabay,Pixabay License,jackmac34,https://pixabay.com/photos/spectators-applaud-applause-1444043/
புதிர்,U-097,puzzle.webp,puzzle,uploaded,Pixabay,Pixabay License,congerdesign,https://pixabay.com/photos/puzzle-pieces-puzzle-share-game-7696621/
புத்தகம்,U-098,book.webp,book,uploaded,Pixabay,Pixabay License,Darkmoon_Art,https://pixabay.com/photos/a-book-embossing-leather-book-cover-3088775/
பூதம்,U-100,giant.webp,giant monster,uploaded,Pixabay,Pixabay License,moonpirate,https://pixabay.com/photos/giant-dark-lightning-dystopian-7042035/
பெட்டி,U-101,box.webp,box,uploaded,Pixabay,Pixabay License,Alexas_Fotos,https://pixabay.com/photos/cashbox-money-currency-cash-box-1642989/
பெரியவர்,U-102,elder.webp,old man,uploaded,Pixabay,Pixabay License,Pexels,https://pixabay.com/photos/man-elderly-face-head-hair-1845259/
பேருந்து,U-103,bus.webp,bus,uploaded,Pixabay,Pixabay License,dominickvietor,https://pixabay.com/photos/bus-public-transport-city-2730653/
பை,U-104,bag.webp,bag,uploaded,Pixabay,Pixabay License,Pexels,https://pixabay.com/photos/bag-leather-messenger-bag-classic-1854148/
போட்டி,U-106,competition.webp,race competition,uploaded,Pixabay,Pixabay License,mibro,https://pixabay.com/photos/race-car-sports-car-motorsport-7624025/
மகிழ்ச்சி,U-107,happiness.webp,happy children,uploaded,Pixabay,Pixabay License,mariya_m,https://pixabay.com/photos/boy-child-happy-children-smile-4838825/
மணல்,U-108,sand.webp,sand,uploaded,Pixabay,Pixabay License,Pexels,https://pixabay.com/photos/arid-barren-desert-dawn-dry-hot-1866541/
மண்,U-110,soil.webp,soil earth,uploaded,Pixabay,Pixabay License,Pexels,https://pixabay.com/photos/hands-macro-plant-soil-grow-life-1838658/
மன்னர்,U-111,emperor.webp,king crown throne,uploaded,Pixabay,Pixabay License,talpeanu,https://pixabay.com/photos/king-the-crown-history-romania-1304612/
மாசு,U-115,pollution.webp,pollution,uploaded,Pixabay,Pixabay License,SD-Pictures,https://pixabay.com/photos/industry-environmental-pollution-1761801/
முதலாளி,U-118,boss.webp,businessman,uploaded,Pixabay,Pixabay License,RyanMcGuire,https://pixabay.com/photos/suit-business-man-banana-business-673697/
மூளை,U-121,brain.webp,brain,uploaded,Pixabay,Pixabay License,DeltaWorks,https://pixabay.com/photos/cyber-brain-computer-brain-7633488/
ராஜா,U-123,king.webp,king crown,uploaded,Pixabay,Pixabay License,talpeanu,https://pixabay.com/photos/king-the-crown-history-romania-1304612/
வயல்,U-128,field.webp,paddy field,uploaded,Pixabay,Pixabay License,ignartonosbg,https://pixabay.com/photos/rice-field-paddy-field-agriculture-7890204/
வயல்வெளிகள்,U-129,fields.webp,farm fields landscape,uploaded,Pixabay,Pixabay License,johnNaturePhotos,https://pixabay.com/photos/wheat-field-agriculture-farm-6329586/
வருத்தம்,U-131,sadness.webp,sad child,uploaded,Pixabay,Pixabay License,Alexas_Fotos,https://pixabay.com/photos/girl-sad-desperate-lonely-sadness-3422711/
வலி,U-132,pain.webp,pain sad,uploaded,Pixabay,Pixabay License,StockSnap,https://pixabay.com/photos/woman-sad-depression-skin-headache-2609115/
வழி,U-133,path.webp,path road,uploaded,Pixabay,Pixabay License,wal_172619,https://pixabay.com/photos/bridge-road-path-8002732/
வானவில்,U-134,rainbow.webp,rainbow,uploaded,Pixabay,Pixabay License,brigachtal,https://pixabay.com/photos/rainbow-bow-rainbow-colors-436183/
விடுமுறை,U-136,holiday.webp,holiday beach,uploaded,Pixabay,Pixabay License,Walkerssk,https://pixabay.com/photos/beach-paradise-island-palm-trees-1761410/
விலங்கு,U-138,animals.webp,animals,uploaded,Pixabay,Pixabay License,designerpoint,https://pixabay.com/photos/leopard-animal-safari-mammal-515509/
வீடு,U-140,house.webp,house,uploaded,Pixabay,Pixabay License,GregoryButler,https://pixabay.com/photos/large-home-residential-house-389271/
வெகுமதி,U-141,reward.webp,gift reward,uploaded,Pixabay,Pixabay License,sweetlouise,https://pixabay.com/photos/chocolates-chocolate-sweets-3193666/
வெற்றி,U-142,victory.webp,trophy winner,uploaded,Pixabay,Pixabay License,MrsBrown,https://pixabay.com/photos/sport-cup-trophy-winner-1569591/
